start_date,end_date,ip_address,duration_in_seconds,recorded_date,response_id,latitude,longitude,mturk_id,browser_type,browser_version,browser_os,browser_resolution,time_read_intro,time_read_article,credibility,importance,understanding_q1_cost,understanding_q2_smog,understanding_q3_health,understanding_q4_enforce,understanding_q4_cost,understanding_q5_cost,time_answering_questions,donation,time_donation,city,state,zip,treatment
3/23/2020 20:59,3/23/2020 21:00,196.17.67.134,85,3/23/2020 21:00,R_3si5y4qwGLzKYPh,34.05439758,-118.2440033,A1201HO0DXBGC3,Chrome,80.0.3987.149,Windows NT 6.3,1366x768,2.607,17.922,5,4,1,3,2,1,3,,22.689,50,7.384,Los Angeles,CA,90009,1
3/23/2020 21:00,3/23/2020 21:03,68.105.189.229,185,3/23/2020 21:03,R_1jqhwROmmrLPaoy,36.05880737,-115.3104019,A12ATVBE1I4567,Chrome,80.0.3987.149,Windows NT 10.0,1536x864,7.588,29.649,5,4,3,5,3,1,4,1,125.852,1,4.044,Las Vegas,NV,89113,0
3/23/2020 20:59,3/23/2020 21:03,76.176.54.192,284,3/23/2020 21:03,R_2ASHk9ILabLrZCB,33.02870178,-117.0845947,A9OOV3976AFYF,Chrome,79.0.3945.136,Android 7.0,360x640,13.345,166.381,6,7,1,3,1,4,4,1,67.334,1,7.657,San Diego,CA,92127,0
3/23/2020 21:00,3/23/2020 21:06,107.185.127.204,379,3/23/2020 21:06,R_3n6PLtv1K8spEfC,33.96749878,-118.1464005,A2C73Y1COWCA51,Chrome,80.0.3987.149,Windows NT 10.0,1920x1080,2.854,67.943,7,6,4,3,3,2,2,,287.135,0,5.991,Bell Gardens,CA,90201,1
3/23/2020 21:04,3/23/2020 21:06,71.6.87.50,163,3/23/2020 21:06,R_3kbIZqjBaOkb1pG,37.76879883,-122.262001,A1OROXYXMV5MBO,Chrome,80.0.3987.132,Macintosh,1440x900,18.607,47.366,6,6,2,1,1,2,1,1,49.709,50,7.145,Vallejo,CA,94589,1
3/23/2020 21:02,3/23/2020 21:06,72.216.72.106,275,3/23/2020 21:06,R_sRUrOCfBuUjTAuB,32.89460754,-111.7492981,A83OLM1ZQC083,Chrome,80.0.3987.149,Windows NT 10.0,1536x864,10.128,163.601,7,7,3,1,3,1,3,1,72.55,0,14.611,Casa Grande,AZ,85122,1
3/23/2020 21:04,3/23/2020 21:07,196.17.67.191,193,3/23/2020 21:07,R_dcfqmDLDif7R5Pr,34.05439758,-118.2440033,A2XCEMBRPHIWEG,Chrome,80.0.3987.149,Windows NT 6.1,1366x768,3.328,23.648,7,7,2,1,2,4,2,2,70.295,2,68.819,Los Angeles,CA,90009,1
3/23/2020 21:05,3/23/2020 21:07,104.247.222.40,127,3/23/2020 21:07,R_wLFYgmJWP3ZB51n,38.9763031,-87.36669922,A1PQEHT7M68ZK3,Chrome,80.0.3987.149,Windows NT 10.0,1364x768,16.888,19.636,5,6,3,3,4,1,1,3,34.879,20,15.105,Los Angeles,CA,90004,1
3/23/2020 21:02,3/23/2020 21:08,196.17.65.161,379,3/23/2020 21:08,R_3mlK7WIlw3x7FV7,34.05439758,-118.2440033,A3F4MYZFB2UH50,Chrome,80.0.3987.149,Windows NT 6.1,1366x768,2.096,72.132,5,5,1,4,2,3,4,3,17.226,80,46.455,Los Angeles,CA,90009,0
3/23/2020 21:00,3/23/2020 21:08,23.81.55.77,456,3/23/2020 21:08,R_3Hw59XwB9R6xQva,33.27270508,-111.8277969,A3EDGV5ERV8G9O,Chrome,80.0.3987.149,Windows NT 10.0,1366x768,14.332,18.324,6,7,3,1,3,1,2,3,385.436,100,7.888,,,,0
3/23/2020 21:03,3/23/2020 21:08,76.102.101.199,334,3/23/2020 21:08,R_3PpMYGOhrf3lZhR,37.33039856,-121.7913055,A1N2O9SRQSVL03,Chrome,78.0.3904.97,Windows NT 10.0,1707x960,6.773,98.631,7,7,3,1,4,3,4,3,188.62,20,9.048,San Jose,CA,95117,0
3/23/2020 21:04,3/23/2020 21:08,73.189.39.185,234,3/23/2020 21:08,R_2xXkPkLtH8ika4S,37.30830383,-121.9642944,AKLXA9760R33A,Chrome,80.0.3987.132,Windows NT 6.1,1024x768,1.748,20.46,6,6,3,3,3,3,1,4,25.667,60,5.477,San Jose,CA,95117,1
3/23/2020 21:03,3/23/2020 21:09,104.33.98.211,361,3/23/2020 21:09,R_1jke8ZZP30CpCHa,34.22779846,-118.4420013,A1A46CKE3F5JAJ,Chrome,80.0.3987.149,Windows NT 10.0,1536x864,11.462,50.99,5,6,3,1,1,1,4,3,192.635,0,22.426,Panorama City,CA,91402,0
3/23/2020 21:04,3/23/2020 21:09,172.116.210.78,271,3/23/2020 21:09,R_1f0FJrb1hMhdTrL,33.6598053,-117.3484955,A1W7XI52HXK29S,Chrome,80.0.3987.149,Windows NT 6.3,1366x768,4.974,30.889,6,6,4,3,1,4,2,1,181.076,80,9.273,Lake Elsinore,CA,92530,0
3/23/2020 20:59,3/23/2020 21:09,104.35.170.65,600,3/23/2020 21:09,R_23a7WyQtKiEfl7L,34.1618042,-118.0527039,A19L8SNH73AX1Z,Firefox,74,Macintosh,1200x750,45.349,167.946,3,,4,1,5,5,5,,300.802,0,55.468,Sierra Madre,CA,91024,0
3/23/2020 21:01,3/23/2020 21:09,76.94.24.194,502,3/23/2020 21:09,R_XAhSC32eRt6KGtP,33.88400269,-117.894104,A1DZQ5MK6OY0VY,Safari,13.0.5,Macintosh,1280x800,3.515,170.615,6,5,4,1,2,3,4,1,288.615,10,15.753,Fullerton,CA,92831,0
3/23/2020 21:02,3/23/2020 21:09,75.50.180.4,430,3/23/2020 21:09,R_3jZoSyMXZsBDFqN,33.98890686,-118.1529999,AGCXEWL0P9C0B,Chrome,80.0.3987.149,Macintosh,1280x800,31.689,286.507,6,7,3,1,3,1,4,1,63.323,20,13.59,Los Angeles,CA,90026,1
3/23/2020 21:02,3/23/2020 21:10,132.145.171.135,478,3/23/2020 21:10,R_BrkudC7gxvJX8wV,47.61090088,-122.3302994,A3BEG0CEZ1E82U,Chrome,80.0.3987.132,Windows NT 6.3,1364x768,6.707,150.16,6,7,4,3,2,3,1,1,282.968,90,9.786,,,,0
3/23/2020 21:08,3/23/2020 21:10,98.208.10.208,111,3/23/2020 21:10,R_b1HQvTOKfLF5yrn,38.57249451,-121.4701996,AGBCI77TO20G7,Chrome,80.0.3987.132,Windows NT 6.1,1366x768,2.341,16.328,6,6,1,3,2,4,4,2,41.795,100,7.623,Sacramento,CA,95816,1
3/23/2020 21:00,3/23/2020 21:10,172.2.156.147,576,3/23/2020 21:10,R_31t7ba7v9irsIyk,33.78729248,-117.9230957,A3EC3OP6U52JYC,Firefox,74,Windows NT 10.0,1600x900,45.445,352.074,7,7,3,1,2,1,3,1,100.148,70,31.837,Garden Grove,CA,92843,1
3/23/2020 21:06,3/23/2020 21:10,108.219.12.36,237,3/23/2020 21:10,R_3KHlG9910hYN0a1,36.91020203,-121.7564011,A2RNCA7PK35LHT,Chrome,80.0.3987.158,CrOS x86_64 12739.105.0,1366x768,2.302,65.01,6,6,3,1,2,1,4,1,104.793,20,20,Watsonville,CA,95076,1
3/23/2020 21:04,3/23/2020 21:11,24.24.154.168,385,3/23/2020 21:11,R_2fJ23m2wNBmNNYV,34.18670654,-118.3878021,A2SJC9VRBGNC58,Chrome,80.0.3987.149,Windows NT 10.0,1920x1080,4.652,61.185,6,6,3,1,3,4,1,1,276.314,20,23.042,Sherman Oaks,CA,91403,0
3/23/2020 21:04,3/23/2020 21:11,168.151.207.192,412,3/23/2020 21:11,R_2uVTdZak3u8U4h7,37.75100708,-97.8219986,A3L7BTAGJR8X1H,Chrome,80.0.3987.132,Windows NT 6.3,1280x720,12.128,65.912,5,6,3,3,5,1,1,2,282.795,60,10.345,,,,1
3/23/2020 21:08,3/23/2020 21:11,181.215.68.86,157,3/23/2020 21:11,R_vi6hdWhiJIkh4Nb,40.81610107,-96.70359802,A7E4LLXBYTVGD,Chrome,80.0.3987.149,Windows NT 6.3,1364x768,2.653,16.981,5,5,4,2,4,1,1,2,48.019,50,31.409,Lincoln,NE,68508,0
3/23/2020 20:59,3/23/2020 21:11,172.88.192.32,730,3/23/2020 21:11,R_11XfXi0KaYYHgwp,33.90750122,-117.7865982,A3DUL880Y08G95,Chrome,80.0.3987.149,Macintosh,1440x900,23.569,517.352,6,6,3,1,2,1,4,1,141.75,0,6.164,Yorba Linda,CA,92886,0
3/23/2020 21:02,3/23/2020 21:12,99.83.0.31,601,3/23/2020 21:12,R_333BwNmoMuDUpA2,34.60380554,-118.2294998,A1N7O7E8HC03D8,Chrome,80.0.3987.149,Windows NT 10.0,1920x1080,4.877,155.736,5,5,3,1,3,1,4,1,404.692,0,12.56,Palmdale,CA,93551,0
3/23/2020 21:10,3/23/2020 21:12,23.106.26.204,117,3/23/2020 21:12,R_3MfzBsWMeXMcaeJ,47.49020386,-122.3003998,A1JDRISEY5KHIR,Chrome,80.0.3987.149,Windows NT 10.0,1366x768,3.274,26.423,6,7,1,4,3,4,1,1,35.41,95,13.987,Seattle,WA,98168,0
3/23/2020 20:59,3/23/2020 21:13,108.184.171.98,807,3/23/2020 21:13,R_3PQWGlUasnTXOUU,34.10910034,-117.7126007,A3OV174HQJIJK8,Chrome,80.0.3987.149,Windows NT 10.0,768x1366,21.579,196.437,6,7,3,3,3,2,4,3,235.484,0,14.321,Claremont,CA,91711,1
3/23/2020 21:08,3/23/2020 21:13,108.184.203.103,285,3/23/2020 21:13,R_AMBQthL61udJQfn,33.76199341,-117.9324951,A26E03OJ98K701,Firefox,74,Windows NT 10.0,1280x720,8.202,134.164,7,7,2,3,2,2,3,1,99.824,100,11.001,Garden Grove,CA,92843,0
3/23/2020 21:08,3/23/2020 21:14,76.102.101.199,355,3/23/2020 21:14,R_1l6r0ry0wRjOedb,37.33039856,-121.7913055,A174UGURZYYCWC,Edge,18.18362,Windows NT 10.0,1707x960,1.699,177.53,6,7,3,1,1,1,3,2,131.631,25,4.353,San Jose,CA,95117,1
3/23/2020 21:12,3/23/2020 21:14,172.58.207.65,158,3/23/2020 21:14,R_uxMZTQrywTMyKf7,40.03640747,-75.22190094,AIWM3BHTUTNGQ ,Chrome iPhone,80.0.3987.95,iPhone,414x736,4.027,16.621,5,1,5,4,4,3,3,3,37.782,5,59.622,Philadelphia,PA,19124,1
3/23/2020 21:08,3/23/2020 21:15,76.90.224.76,395,3/23/2020 21:15,R_9GP0p7HDt7bCiEp,34.10040283,-118.2946014,A28OGF1KGFBYU8,Chrome,80.0.3987.137,CrOS x86_64 12739.94.0,1807x1016,8.491,232.584,6,6,3,1,5,1,4,3,120.116,20,12.343,Los Angeles,CA,90027,0
3/23/2020 21:09,3/23/2020 21:15,108.233.204.250,395,3/23/2020 21:15,R_DkMgPmLqvylqVmV,37.2507019,-121.8359985,AMWWNLLPB0SZV,Chrome,80.0.3987.149,Windows NT 10.0,1600x900,14.96,122.539,5,6,3,1,3,1,4,1,223.515,50,17.83,San Jose,CA,95123,1
3/23/2020 21:12,3/23/2020 21:16,66.142.223.143,217,3/23/2020 21:16,R_2WCOtIW1dAIuO0B,34.06750488,-118.3520966,A1H25B1JDKV3A,Safari,13.0.5,Macintosh,1440x900,21.324,60.901,6,5,5,1,2,5,1,1,79.446,50,29.587,Los Angeles,CA,90019,1
3/23/2020 21:10,3/23/2020 21:16,45.51.231.138,364,3/23/2020 21:16,R_245xk2w2Ad43tOD,33.88380432,-118.1260986,A2W121DQXNQK1,Firefox,74,Windows NT 10.0,2560x1440,15.798,164.999,6,7,1,1,3,3,4,1,158.821,50,11.616,Bellflower,CA,90706,0
3/23/2020 21:05,3/23/2020 21:16,172.15.8.120,650,3/23/2020 21:16,R_2c0IqNEl4vzATxo,37.2507019,-121.8359985,AVJ7MQZ6AQF5M,Chrome,80.0.3987.132,Windows NT 10.0,1920x1080,20.409,278.474,7,7,3,3,3,1,1,1,320.847,0,10.769,San Jose,CA,95111,0
3/23/2020 21:15,3/23/2020 21:17,71.84.201.36,127,3/23/2020 21:17,R_Wd0IP75Rp52b4ad,34.10699463,-117.594101,A20QXCW2IQ1JTI,Chrome,80.0.3987.149,Windows NT 10.0,1366x768,3.623,25.359,5,7,4,2,3,3,4,3,65.799,80,6.609,Rancho Cucamonga,CA,91730,1
3/23/2020 21:15,3/23/2020 21:17,71.202.111.190,116,3/23/2020 21:17,R_22mZVDM7H2hUnny,37.85670471,-122.0218048,AKCAFGXSMNQOA,Chrome,80.0.3987.149,Windows NT 10.0,1366x768,6.001,32.915,5,3,3,3,3,4,4,4,38.126,0,9.608,Danville,CA,94506,1
3/23/2020 21:14,3/23/2020 21:17,73.12.168.88,200,3/23/2020 21:17,R_32WVtHgyg9Jp9bC,36.82719421,-119.6804962,A1LEC9PYYYXM1U,Chrome,80.0.3987.149,Windows NT 6.3,1366x768,2.839,43.084,6,6,4,1,2,3,3,,31.71,90,6.709,Clovis,CA,93611,0
3/23/2020 21:12,3/23/2020 21:18,172.58.19.226,340,3/23/2020 21:18,R_1OGJZEZytMSrNzF,33.80549622,-117.9223022,A123KWRQA4CZDI,Chrome,80.0.3987.149,Windows NT 6.1,1600x900,2.729,157.058,7,7,4,1,5,3,4,3,152.422,50,9.91,Anaheim,CA,92804,0
3/23/2020 21:10,3/23/2020 21:18,71.230.113.116,472,3/23/2020 21:18,R_vogPv68sF5ptcVH,39.93400574,-75.16000366,A1GNRM8T9XI4XX,Chrome,80.0.3987.149,Windows NT 6.3,1280x800,17.772,17.333,6,6,4,1,4,4,1,2,332.443,90,7.862,Philadelphia,PA,19147,0
3/23/2020 21:06,3/23/2020 21:20,50.91.55.95,841,3/23/2020 21:20,R_2Cf7Optv0KbhTc7,35.38780212,-118.9360046,A2Z03W0OORZLU8,Chrome,80.0.3987.149,Windows NT 10.0,1366x768,97.32,540.152,7,6,3,1,3,2,4,1,146.995,0,17.9,Bakersfield,CA,93306,1
3/23/2020 21:14,3/23/2020 21:20,23.243.110.10,379,3/23/2020 21:20,R_2EAANLRXbe5ZhOV,33.81599426,-117.9692001,A120URYFNZAZYW,Chrome,80.0.3987.149,Windows NT 10.0,1920x1200,4.654,246.645,5,6,5,3,2,1,4,1,92.737,10,18.375,Anaheim,CA,92804,0
3/23/2020 21:09,3/23/2020 21:21,103.82.211.192,679,3/23/2020 21:21,R_2uNxoB6qDNTuxOZ,12.73649597,77.83261108,AFMXD5UFP4221,Chrome,80.0.3987.149,Windows NT 6.1,1366x768,13.083,90.392,5,5,1,1,3,4,4,4,31.557,50,7.541,Hosur,25,635109,1
3/23/2020 21:18,3/23/2020 21:22,174.126.135.169,194,3/23/2020 21:22,R_1QJWuOyavxrPIPq,34.59260559,-112.4237976,A2JCHN90PRUWDH,Chrome,80.0.3987.149,Windows NT 10.0,1440x900,1.945,64.759,6,7,2,3,1,4,4,2,93.585,0,10.336,Prescott,AZ,86301,1
3/23/2020 21:22,3/23/2020 21:23,107.172.79.39,102,3/23/2020 21:23,R_3Dv9vTTtaRR777a,34.04469299,-118.4487,A3B74PQCMMH1E8,Chrome,80.0.3987.149,Windows NT 10.0,1366x768,3.665,18.324,4,4,3,1,4,4,2,,36.983,99,7.413,Los Angeles,CA,90025,0
3/23/2020 21:15,3/23/2020 21:24,97.46.128.168,497,3/23/2020 21:24,R_DnTyNuhviXYhOEx,33.82060242,-118.0339966,A37E36IPU0BJX5,Chrome,72.0.3626.121,Android 5.1.1,320x534,4.074,192.787,7,7,3,3,3,1,4,1,120.858,30,12.254,,AZ,,1
3/23/2020 21:22,3/23/2020 21:24,73.93.165.170,76,3/23/2020 21:24,R_1Y0L8PLXYXWga4h,34.82859802,-120.4268036,AQLPS070VCJ5K,Chrome,80.0.3987.122,Windows NT 6.1,1366x768,1.645,16.336,5,5,2,2,4,3,1,3,8.679,50,3.738,Santa Maria,CA,93455,1
3/23/2020 21:17,3/23/2020 21:24,76.90.163.157,435,3/23/2020 21:24,R_3mmCBzkZSjuA8ZP,34.39750671,-118.5568008,A3OB4WYRTLMT0Z,Chrome,80.0.3987.132,Macintosh,1280x800,30.672,276.78,6,7,2,3,3,1,4,1,91.416,0,12.093,Valencia,CA,91355,1
3/23/2020 21:16,3/23/2020 21:26,76.175.134.233,598,3/23/2020 21:26,R_1Frpuu8fTKrYk3n,33.95710754,-118.3621979,A1JW11G1QUNMGN,Safari iPhone,12.1.2,iPhone,375x667,2.266,110.852,6,6,4,1,4,4,1,3,233.328,85,5.887,Inglewood,CA,90301,0
3/23/2020 21:16,3/23/2020 21:26,205.185.114.41,647,3/23/2020 21:26,R_3DvGFhA7yN9xp8N,37.33869934,-121.8914032,AIS6Q7LL5926A,Chrome,80.0.3987.132,Android 9,360x780,43.824,337.717,6,7,5,1,3,1,4,2,150.52,25,44.554,San Jose,CA,95113,0
3/23/2020 21:19,3/23/2020 21:28,76.87.227.60,543,3/23/2020 21:28,R_1pn8oOd6iSnBH2w,34.18670654,-118.3878021,ACQ7BG38MQGQ5,Chrome,80.0.3987.149,Macintosh,1280x800,23.242,346.938,6,7,3,1,3,2,4,1,127.839,50,15.703,North Hollywood,CA,91601,0
3/23/2020 21:17,3/23/2020 21:32,98.242.38.121,896,3/23/2020 21:32,R_8tR2eATCRFtgraF,37.67520142,-120.9465027,A82Q1HS5CPZ5I,Chrome,80.0.3987.149,Windows NT 10.0,1920x1080,21.58,164.484,6,7,3,1,3,4,4,2,683.135,5,3.533,Modesto,CA,95355,0
3/23/2020 21:23,3/23/2020 21:33,47.149.5.143,603,3/23/2020 21:33,R_OjUsIh56Qy4qoIV,34.04299927,-117.7556,A1OC9TAY4UAPW0,MSIE,11,Windows NT 10.0,2560x1440,42.678,370.486,7,7,1,1,2,2,4,1,150.3,0,13.192,Pomona,CA,91766,0
3/23/2020 21:23,3/23/2020 21:35,172.112.212.127,674,3/23/2020 21:35,R_Oe7XrgFbbxvHxWF,33.72149658,-118.0509033,A1A09TO5Q9I80K,Edge,18.18363,Windows NT 10.0,1366x768,13.018,408.932,6,7,3,3,2,1,4,1,168.231,0,31.847,Huntington Beach,CA,92649,1
3/23/2020 21:29,3/23/2020 21:36,74.213.245.207,370,3/23/2020 21:36,R_2zSHsTrgJVUJLnJ,33.67480469,-117.908905,A3UFLSI29LO45E,Chrome,80.0.3987.132,Macintosh,1440x900,6.649,233.437,7,6,4,3,3,2,3,1,98.239,50,8.566,Costa Mesa,CA,92626,1
3/23/2020 21:28,3/23/2020 21:36,96.41.110.20,467,3/23/2020 21:36,R_2PB8O2Lh5Z5RLXD,34.18359375,-118.2962952,A207DVJ897EVJV,Chrome,80.0.3987.149,Windows NT 10.0,1920x1080,18.402,314.629,7,7,5,1,2,1,4,1,85.322,50,17.762,Burbank,CA,91504,1
3/23/2020 21:31,3/23/2020 21:36,107.203.101.223,276,3/23/2020 21:36,R_puUbcPGO4K2TiDf,33.3690033,-117.2290039,A1AF8CY1KCRDW,Safari,13.0.5,Macintosh,1280x800,5.754,76.606,5,7,3,1,5,3,4,2,151.061,100,18.018,Fallbrook,CA,92028,1
3/23/2020 21:30,3/23/2020 21:36,98.149.6.243,385,3/23/2020 21:36,R_1gUumR1XAcjwqqh,33.75180054,-117.9931946,A1FXZRCV5J7R2G,Chrome,80.0.3987.149,Windows NT 10.0,1920x1080,17.378,145.376,5,6,3,3,3,2,4,4,193.023,0,8.055,Westminster,CA,92683,0
3/23/2020 21:28,3/23/2020 21:37,24.180.16.77,518,3/23/2020 21:37,R_1dgYRH1uuBhFa0R,34.13690186,-117.9552994,A3C1L496HD22M7,Firefox,74,Macintosh,1920x1200,32.827,327.611,6,6,3,3,3,2,4,1,112.284,10,15.882,Azusa,CA,91702,0
3/23/2020 21:32,3/23/2020 21:37,108.246.220.15,327,3/23/2020 21:37,R_3lG1k8eXOJHKnVH,33.93389893,-117.8853989,A3TN3GQAO61BVB,Firefox,74,Windows NT 10.0,1920x1080,16.917,193.525,6,4,3,1,3,2,4,1,80.547,0,10.343,Brea,CA,92821,1
3/23/2020 21:28,3/23/2020 21:38,104.4.233.225,604,3/23/2020 21:38,R_DHtaIMShqz01sXv,33.91679382,-118.3432007,A1JKSAQ8UNCE7B,Chrome,80.0.3987.158,CrOS x86_64 12739.105.0,1366x768,25.767,282.871,6,4,3,1,5,1,4,1,252.026,10,7.919,Hawthorne,CA,90250,0
3/23/2020 21:37,3/23/2020 21:40,24.5.195.24,170,3/23/2020 21:40,R_9mn2ukRjg2pHze9,37.28210449,-121.8310013,A3T5UAYFKJBVTA,Chrome,80.0.3987.132,Macintosh,1440x900,2.86,40.771,3,6,2,1,5,2,2,4,93.341,25,11.724,San Jose,CA,95111,1
3/23/2020 21:37,3/23/2020 21:40,23.115.141.143,175,3/23/2020 21:40,R_3EcezPCsWbnRidH,38.45610046,-122.6400986,A16QKJ2438400Y,Chrome,80.0.3987.149,Macintosh,1440x900,5.428,23.217,5,3,2,2,3,4,1,1,29.307,80,16.241,Santa Rosa,CA,95409,1
3/23/2020 21:35,3/23/2020 21:42,172.114.246.17,393,3/23/2020 21:42,R_2pQ8ZQ2RyAUCclp,33.96749878,-118.1464005,ATJVY9O4CY5EX,Chrome,80.0.3987.158,CrOS x86_64 12739.105.0,1366x768,13.21,271.007,6,6,2,1,3,3,4,1,85.761,50,7.774,Bell Gardens,CA,90201,0
3/23/2020 21:41,3/23/2020 21:47,72.193.205.128,332,3/23/2020 21:47,R_22sLXHtcoRJycpY,36.00970459,-115.2148972,A32805EH1L6TNV,Chrome,80.0.3987.158,CrOS x86_64 12739.105.0,1366x768,17.92,101.558,6,4,2,1,2,5,1,3,154.976,50,6.82,Las Vegas,NV,89141,0
3/23/2020 21:42,3/23/2020 21:47,104.173.49.192,344,3/23/2020 21:47,R_tJmn6wG5EeYEmk1,33.73379517,-116.9299011,A1L1S0IAPZB4MO ,Safari iPhone,13.0.5,iPhone,375x812,5.287,30.576,5,5,3,1,2,1,4,2,118.866,0,42.022,Hemet,CA,92544,1
3/23/2020 21:42,3/23/2020 21:48,68.228.91.228,309,3/23/2020 21:48,R_3scaEreHfv6Cg7g,33.61239624,-117.6400986,A16KPD0UW2OPBA,Chrome,80.0.3987.149,Windows NT 10.0,1366x768,10.723,167.491,6,6,4,1,5,2,1,1,99.024,0,11.083,Mission Viejo,CA,92692,0
3/23/2020 21:36,3/23/2020 21:48,137.25.224.56,742,3/23/2020 21:48,R_27HHCjzb6CI81xP,33.92579651,-117.4898987,A2CRHJ0INRQLKH,Chrome,80.0.3987.149,Macintosh,1920x1080,24.354,500.961,6,7,4,3,2,1,3,2,150.291,50,11.7,Riverside,CA,92504,0
3/23/2020 21:44,3/23/2020 21:50,104.175.177.233,311,3/23/2020 21:50,R_pfOzBLTwkLHlyEh,33.99549866,-118.4644012,A224I9B6RFJZEI,Chrome,80.0.3987.149,Windows NT 10.0,1536x864,19.59,181.147,5,6,3,1,2,1,4,1,85.719,0,10.548,Venice,CA,90291,1
3/23/2020 21:48,3/23/2020 21:51,99.55.166.41,157,3/23/2020 21:51,R_2drRevaltm1S6GU,37.80430603,-122.2155991,AWS49CZW5Y9JK,Chrome,73.0.3683.86,Macintosh,1440x900,6.893,61.727,7,5,4,1,5,3,4,1,57.593,75,11.948,Oakland,CA,94602,0
3/23/2020 21:44,3/23/2020 21:53,24.205.147.244,542,3/23/2020 21:53,R_1gj5LAKWg4xvKGC,34.06900024,-118.1461029,A10MTRQV0061E6,Chrome,80.0.3987.132,Windows NT 10.0,1920x1080,17.22,329.932,5,5,3,3,5,5,5,1,105.372,0,29.955,Alhambra,CA,91803,1
3/23/2020 21:43,3/23/2020 21:53,172.58.27.209,584,3/23/2020 21:53,R_1QnI7YG2HxjUIo2,34.01210022,-117.6883011,A2LSX4F8D3Z0OR,Chrome,80.0.3987.149,Windows NT 10.0,1366x768,70.044,352.2,6,7,3,3,3,1,4,1,106.301,10,14.043,Riverside,CA,92509,0
3/23/2020 21:45,3/23/2020 21:54,73.223.57.201,516,3/23/2020 21:54,R_3oS01d2VvqppCvQ,37.2507019,-121.8359985,A9DEGNR0707LR,Chrome,80.0.3987.132,Windows NT 6.1,1024x768,127.807,147.979,5,6,1,4,3,4,1,3,134.383,70,28.809,San Jose,CA,95123,0
3/23/2020 21:49,3/23/2020 22:02,96.41.24.171,785,3/23/2020 22:02,R_2SxlMwoFjHYat4N,33.9098053,-118.0713959,A14B0HGFHYS0HU,Chrome,73.0.3683.90,Android 4.0.3,854x534,34.616,413.283,4,4,3,1,3,3,4,1,232.503,10,67.051,Norwalk,CA,90650,1
3/23/2020 21:55,3/23/2020 22:02,72.197.26.245,421,3/23/2020 22:02,R_sv5ZBCaJOHR0Bgd,33.1914978,-117.3841019,A2L6GCRFAKUEXF,Chrome,80.0.3987.149,Windows NT 10.0,1366x768,3.73,247.595,6,6,3,1,2,1,4,1,127.744,10,23.668,Oceanside,CA,92058,1
3/23/2020 21:53,3/23/2020 22:04,97.86.146.249,667,3/23/2020 22:04,R_1n7rLk1Fisb5NbI,36.84440613,-121.3670044,ADOA6CWS9LA9,Chrome,79.0.3945.130,Windows NT 6.3,1600x900,4.264,55.099,6,6,3,1,2,2,1,2,558.049,50,9.475,Hollister,CA,95023,0
3/23/2020 21:55,3/23/2020 22:06,108.86.178.226,647,3/23/2020 22:06,R_4Odb46qBPpSzhnP,32.71040344,-117.0527954,A25IIGNY5XETF4,Chrome,80.0.3987.149,Windows NT 10.0,1360x768,30.901,286.845,7,7,3,1,3,3,4,1,281.685,5,9.558,San Diego,CA,92114,0
3/23/2020 22:01,3/23/2020 22:06,172.90.191.199,308,3/23/2020 22:06,R_2dQhcnoQFBKFppW,33.9420929,-118.1302948,A68ET7766UW3G,Safari,12.1.2,Macintosh,1440x900,18.102,172.848,6,6,3,1,5,3,4,1,78.865,25,8.931,Downey,CA,90241,0
3/23/2020 22:05,3/23/2020 22:09,47.138.53.137,224,3/23/2020 22:09,R_3GcXvftkWJjet1n,33.83210754,-118.1739044,A1QTFE8FVK3HMG,Chrome,80.0.3987.132,Windows NT 10.0,1920x1080,11.563,140.636,7,7,3,3,5,1,4,1,56.899,0,5.45,Long Beach,CA,90807,1
3/23/2020 22:06,3/23/2020 22:10,169.231.50.246,269,3/23/2020 22:11,R_56C8qaZXDL2nJoB,34.42649841,-119.8630981,A25MZY0FNQAK5H,Firefox,74,Windows NT 10.0,1536x864,14.674,147.076,5,6,3,5,5,2,4,1,82.545,50,7.571,Goleta,CA,93117,1
3/23/2020 22:08,3/23/2020 22:13,207.188.177.162,323,3/23/2020 22:13,R_1NagbdTdRjEsHja,47.60920715,-122.3314056,A2G3OXONXDRM3J,Chrome,80.0.3987.149,Windows NT 10.0,1366x768,2.958,286.321,5,5,2,3,2,5,2,4,13.115,50,3.978,Seattle,WA,98111,0
3/23/2020 22:09,3/23/2020 22:17,54.67.6.85,485,3/23/2020 22:17,R_1LhuX3XMVY0XzcB,37.33880615,-121.8914032,AQNGBQEK4LQHY,Chrome,80.0.3987.149,Windows NT 10.0,1366x768,42.324,53.073,6,5,3,4,2,1,4,3,179.515,75,54.824,San Jose,CA,95141,0
3/23/2020 22:17,3/23/2020 22:19,76.86.35.19,98,3/23/2020 22:19,R_3j9bjGcS7HJdK1T,33.87780762,-118.2136993,A1PR75OOJOLBA2,Chrome,80.0.3987.132,Windows NT 10.0,1280x720,3.541,18.391,5,5,3,1,3,4,3,2,36.22,45,7.11,Compton,CA,90220,0
3/23/2020 22:17,3/23/2020 22:21,104.175.120.154,220,3/23/2020 22:21,R_3hEc5xus0XZH1l5,34.15350342,-117.8457031,A3I62460289O85,MSIE,11,Windows NT 10.0,1536x864,18.554,66.101,7,7,3,4,2,4,3,4,86.377,0,10.128,Glendora,CA,91741,1
3/23/2020 22:11,3/23/2020 22:21,75.11.200.54,563,3/23/2020 22:21,R_bJdkxertrHE9Cw1,33.95550537,-118.2863007,A2FWZR12905V6J,Safari,13.0.5,Macintosh,1440x900,25.974,401.066,6,7,3,1,3,1,3,1,89.184,0,13.595,Los Angeles,CA,90047,1
3/23/2020 22:10,3/23/2020 22:21,76.89.239.129,646,3/23/2020 22:21,R_1jrIkdc7sY4G5JA,33.88400269,-117.894104,A3QQ2JW1N0Z49X,Chrome,80.0.3987.149,Macintosh,1280x800,6.109,344.688,5,6,3,3,3,1,4,1,202.015,0,50.813,Fullerton,CA,92831,1
3/23/2020 22:15,3/23/2020 22:21,23.240.169.37,390,3/23/2020 22:22,R_Ck2r0eStrh8Qn4t,34.74710083,-118.3686981,A29QIHBDQP9TCX,Safari,13.0.5,Macintosh,1440x900,23.683,202.349,6,6,4,1,2,4,4,1,111.887,0,17.557,Lancaster,CA,93536,1
3/23/2020 22:12,3/23/2020 22:24,75.83.101.210,709,3/23/2020 22:24,R_2wERb03JnJ9SBwW,33.56739807,-117.1757965,A2TTFK3MZ5MNBK,Chrome,80.0.3987.149,Windows NT 10.0,3840x2160,2.692,355.872,4,6,3,3,3,5,4,1,289.106,2,18.958,Murrieta,CA,92563,1
3/23/2020 22:20,3/23/2020 22:24,68.99.190.195,245,3/23/2020 22:24,R_2uqfli3eOsVpECf,33.69070435,-117.8172989,A2FC4QEPPH4W6U,Chrome,80.0.3987.132,Macintosh,1440x900,15.588,115.47,6,7,5,1,3,1,4,1,75.971,25,11.438,Irvine,CA,92606,0
3/23/2020 22:20,3/23/2020 22:24,104.32.173.32,259,3/23/2020 22:24,R_3DpRobec1AQa6oz,34.03219604,-118.2835999,AV34M3ASAMUYA,Chrome,76.0.3809.87,Macintosh,1440x900,24.465,90.062,7,6,3,1,2,2,2,3,88.618,0,23.03,Los Angeles,CA,90007,1
3/23/2020 22:21,3/23/2020 22:27,172.113.251.222,339,3/23/2020 22:27,R_2Ez2nh7mnjWKJcs,33.76040649,-117.9676056,COPIEDA12P4W74SYPMQE,Chrome,80.0.3987.149,Macintosh,1440x900,29.269,149.213,5,7,3,1,2,4,1,1,110.863,50,12.512,Garden Grove,CA,92844,0
3/23/2020 22:13,3/23/2020 22:28,23.124.26.142,891,3/23/2020 22:28,R_3NCzK6VjauZk7Oj,34.44439697,-119.2550964,A3S3YW7ZDE7BS,Chrome,80.0.3987.149,Android 9,360x720,3.575,604.493,7,7,3,1,2,2,4,1,219.017,0,13.041,Ojai,CA,93023,0
3/23/2020 22:25,3/23/2020 22:30,70.187.242.152,308,3/23/2020 22:30,R_1X5Fnd64HJcYq4h,33.73890686,-117.7480011,A3CV0UWV1F4P2Z,Chrome iPad,80.0.3987.95,iPad,834x1112,23.668,183.72,7,7,4,1,4,1,3,1,76.169,0,9.022,Irvine,CA,92602,0
3/23/2020 22:23,3/23/2020 22:30,75.54.118.10,462,3/23/2020 22:30,R_2hNqbIYPiE2lyXD,33.95550537,-118.2863007,A1K4KR1GQYCIWA,Firefox,74,Windows NT 10.0,1600x900,78.145,233.096,5,7,4,1,3,3,4,1,106.291,0,13.023,Los Angeles,CA,90044,0
3/23/2020 22:30,3/23/2020 22:33,73.15.118.41,201,3/23/2020 22:33,R_cA9ibvyWkdQjssN,34.82859802,-120.4268036,A39XWHJWU25EW7,Chrome,80.0.3987.122,Macintosh,1280x800,6.058,61.794,5,7,3,1,3,1,4,1,86.951,0,8.096,Santa Maria,CA,93455,1
3/23/2020 22:23,3/23/2020 22:33,47.151.5.84,595,3/23/2020 22:33,R_ZqqGV5d7zw4P3ix,33.75180054,-117.9931946,A2BF3A9KYSEFPO,Firefox,74,Windows NT 10.0,1920x1080,43.762,277.842,6,7,3,3,2,5,4,1,220.741,20,11.828,Westminster,CA,92683,1
3/23/2020 22:34,3/23/2020 22:36,68.35.92.13,121,3/23/2020 22:36,R_1ClMG7ggnoXkUcH,34.73890686,-86.62490082,AMG213FPPAUVK,Chrome,80.0.3987.100,Windows NT 6.1,1366x768,5.895,38.308,7,6,3,4,3,1,3,3,17.001,70,20.978,Huntsville,AL,35816,1
3/23/2020 22:31,3/23/2020 22:41,104.172.58.9,597,3/23/2020 22:41,R_3MKJVJJO6UU6JoJ,34.00849915,-117.8135986,A366CPYE81IW7V,Chrome,80.0.3987.149,Android 10,412x869,32.883,382.213,5,6,3,1,3,1,4,1,137.754,10,16.341,Diamond Bar,CA,91765,0
3/23/2020 22:40,3/23/2020 22:46,47.157.224.242,328,3/23/2020 22:46,R_300EhcNVf0SkhUN,34.10490417,-117.8132019,A2L0XRNU4SG8UA,Chrome,75.0.3770.101,Android 8.1.0,320x640,21.75,150.877,5,6,3,1,2,1,3,2,99.729,0,20.387,San Dimas,CA,91773,0
3/23/2020 22:33,3/23/2020 22:46,76.171.137.156,757,3/23/2020 22:46,R_2zjPt6BStKyww0f,34.25480652,-118.5879974,A2Q798VMDFJ4V2,Edge,18.18363,Windows NT 10.0,1280x720,42.996,505.863,6,5,3,3,3,4,5,1,118.466,10,55.334,Chatsworth,CA,91311,0
3/23/2020 22:37,3/23/2020 22:47,169.234.201.159,611,3/23/2020 22:47,R_2V9m6o9A2fzfBID,33.64610291,-117.8424988,AL60OKVLYYFR5,Safari,13.0.5,Macintosh,1280x800,34.373,167.303,4,6,1,1,1,4,2,4,355.437,50,21.737,Irvine,CA,92617,0
3/23/2020 22:41,3/23/2020 22:49,99.110.243.178,462,3/23/2020 22:49,R_RgIn9V3dmHmXP21,34.06140137,-118.3072052,AJSXC3VG5BYHM,Firefox,73,Windows NT 6.1,1920x1080,21.748,242.771,4,4,4,1,5,1,4,1,136.489,5,22.756,Los Angeles,CA,90020,1
3/23/2020 22:46,3/23/2020 22:57,104.174.3.104,619,3/23/2020 22:57,R_29nNq04F6unINIE,34.16760254,-118.3891983,AVCXJ9M71WDCB,Chrome,80.0.3987.149,Windows NT 6.3,1536x864,45.478,347.959,6,7,2,1,2,3,4,3,181.46,0,17.356,North Hollywood,CA,91601,1
3/23/2020 22:50,3/23/2020 23:00,108.219.13.124,576,3/23/2020 23:00,R_3HZgkcq8VT0hCcW,36.91020203,-121.7564011,ALKOIR1G92DTX,Safari,11.1.2,Macintosh,1440x900,21.627,267.574,6,7,3,1,2,1,2,1,219.601,0,40.762,Watsonville,CA,95076,1
3/23/2020 22:55,3/23/2020 23:00,47.28.99.242,291,3/23/2020 23:00,R_2CQHz6myrAS6XTl,34.16070557,-118.2263947,A1GZ2WZSN9KRZ2,Chrome,80.0.3987.132,Macintosh,1680x1050,15.982,148.086,5,6,4,1,4,1,4,1,95.436,0,10.95,Glendale,CA,91206,1
3/23/2020 22:54,3/23/2020 23:01,172.222.247.63,457,3/23/2020 23:01,R_24i5MFpAtPV23BM,34.23500061,-116.905304,A33EL56O6DXFX8,Chrome,80.0.3987.158,CrOS x86_64 12739.105.0,1536x864,24.583,257.73,6,7,1,1,3,4,4,1,119.801,25,26.63,Big Bear Lake,CA,92315,0
3/23/2020 23:00,3/23/2020 23:02,45.4.197.220,132,3/23/2020 23:02,R_1Itj4KkxxEBAHUQ,40.75030518,-74.00140381,AHW4W22TH16RZ,Chrome,80.0.3987.149,Windows NT 6.1,1366x768,4.168,24.813,6,6,2,3,4,2,4,3,29.68,60,24.768,New York,NY,10001,1
3/23/2020 23:02,3/23/2020 23:08,70.185.148.108,330,3/23/2020 23:08,R_1geIx2AgYAM3ldI,34.42649841,-119.8630981,A2EZWGKDXQ1YMG,Chrome,80.0.3987.149,Windows NT 10.0,1920x1080,28.377,156.107,6,7,2,1,5,1,4,1,85.711,20,16.582,Goleta,CA,93117,0
3/23/2020 23:03,3/23/2020 23:10,142.129.185.248,392,3/23/2020 23:10,R_x4uFUZI96r3sc9z,34.08030701,-117.7350006,A2NTQ7E3XFM4OK,Chrome,80.0.3987.149,Windows NT 10.0,1920x1080,3.622,289.068,6,6,3,5,3,1,4,1,72.496,25,12.179,Pomona,CA,91767,0
3/23/2020 22:59,3/23/2020 23:10,69.61.79.168,657,3/23/2020 23:10,R_e8nFUdBF9tEmxRD,33.7552948,-84.38860321,A1251G78LIS2M3,Chrome,80.0.3987.149,Windows NT 10.0,1366x768,4.982,38.481,5,5,3,1,3,3,3,3,579.578,50,4.586,,,,0
3/23/2020 23:07,3/23/2020 23:10,104.173.202.59,184,3/23/2020 23:10,R_27m30fexdMTcGtk,34.02900696,-118.4004974,ADVRUBP3TLQEY,Chrome,80.0.3987.149,Macintosh,2048x1152,8.2,73.628,6,5,3,1,5,4,4,1,72.859,2,13.958,Los Angeles,CA,90034,0
3/23/2020 23:09,3/23/2020 23:14,75.167.127.253,296,3/23/2020 23:14,R_7WfjaJjSl58BtBf,33.396698,-111.6545029,A3HJ8P153SUQWX,Chrome,80.0.3987.149,Windows NT 10.0,1920x1080,7.562,104.027,6,6,2,1,3,4,4,1,153.662,0,11.174,Phoenix,AZ,85042,1
3/23/2020 23:09,3/23/2020 23:15,47.6.80.136,356,3/23/2020 23:15,R_1Heip5j484cce4m,34.04820251,-118.1152039,A2C5D5AU2D77HZ,Chrome,80.0.3987.149,Windows NT 10.0,1920x1080,31.54,191.577,5,7,3,1,3,1,4,1,92.676,5,24.771,Rosemead,CA,91770,1
3/23/2020 23:19,3/23/2020 23:22,73.235.136.219,129,3/23/2020 23:22,R_3e4zQoeoZxSUtcQ,36.75390625,-119.7084961,A2N6TLUWLBHW39,Chrome,82.0.4085.12,Windows NT 10.0,1364x768,6.701,35.758,6,6,2,2,2,2,4,1,26,100,9.776,Fresno,CA,93727,0
3/23/2020 23:17,3/23/2020 23:24,23.242.65.49,433,3/23/2020 23:24,R_2Sdcb40QSCz0wO6,34.0308075,-118.4729996,A21BXRUD15TQL8,Chrome,80.0.3987.149,Macintosh,1280x800,9.101,256.639,6,7,3,1,3,4,4,1,117.6,50,24.876,Santa Monica,CA,90404,0
3/23/2020 23:24,3/23/2020 23:26,45.91.190.123,100,3/23/2020 23:26,R_25McnEqTMBfANmR,33.50920105,-111.8990021,A1BXCC2552C65D,Chrome,80.0.3987.149,Windows NT 6.3,1366x768,5.193,32.502,5,5,2,4,3,4,1,4,26.372,50,8.327,Scottsdale,AZ,85261,0
3/23/2020 23:13,3/23/2020 23:26,23.240.233.210,817,3/23/2020 23:26,R_2y8cLZQRzqBcdDc,34.11799622,-118.3302994,A2A26PQIJST09Q,Chrome,80.0.3987.149,Android 9,320x694,20.001,578.401,7,6,3,1,3,1,4,1,163.277,0,16.601,Los Angeles,CA,90068,0
3/23/2020 23:21,3/23/2020 23:31,104.33.116.110,600,3/23/2020 23:31,R_2Xp48yJMVGsfcNQ,34.22779846,-118.4420013,A3H53HX4RUV7HZ,Chrome,80.0.3987.132,Macintosh,1440x900,6.338,381.278,6,6,3,3,5,4,1,1,172.956,65,20.545,Panorama City,CA,91402,1
3/23/2020 23:25,3/23/2020 23:31,172.114.236.170,384,3/23/2020 23:31,R_3CIzlStiiMQVXe0,33.8697052,-118.3693008,A2TIL6OVW7ALM,Chrome,80.0.3987.149,Windows NT 10.0,1366x768,25.013,137.066,5,5,3,1,2,1,4,3,190.924,0,15.553,Manhattan Beach,CA,90266,1
3/23/2020 23:26,3/23/2020 23:31,38.133.105.216,354,3/23/2020 23:32,R_8chixVk65ASjc77,38.87030029,-120.8553009,A2GRDZ2VZ2NQ7H,Chrome,80.0.3987.149,Windows NT 6.3,1280x800,59.25,34.157,6,5,1,4,3,2,1,1,58.723,50,44.384,Placerville,CA,95667,0
3/23/2020 23:18,3/23/2020 23:35,34.217.149.104,1023,3/23/2020 23:35,R_1GIUbritDRwRsBj,45.84910583,-119.7142944,A2KA4FJJOY1UZZ,Safari iPhone,12.1.2,iPhone,375x667,85.575,400.781,4,5,1,3,2,2,3,3,363.19,0,85.255,Boardman,OR,97818,1
3/23/2020 23:24,3/23/2020 23:37,172.114.98.190,773,3/23/2020 23:37,R_50vENcGby70yZih,34.25289917,-118.4179993,A15RYDGU5IY94U,Chrome,80.0.3987.119,Android 7.1.2,600x1024,32.776,534.033,5,,2,1,2,1,4,1,159.726,25,12.54,Pacoima,CA,91331,0
3/23/2020 23:39,3/23/2020 23:41,68.111.202.254,90,3/23/2020 23:41,R_ULTqCNvHd7NviWB,33.10969543,-117.0670013,AT1SRCAAHPZHR,Safari,13.0.5,Macintosh,1440x900,3.452,27.106,6,5,2,5,5,2,2,4,28.209,15,15.26,Escondido,CA,92026,0
3/23/2020 23:45,3/23/2020 23:52,172.117.153.130,405,3/23/2020 23:52,R_2aIF5CMUAGbInSi,34.15310669,-118.4295959,A30LWF91IUAVSO,Safari iPhone,13.0.5,iPhone,414x896,15.369,271.674,5,7,3,3,3,1,4,1,88.13,0,15.543,Sherman Oaks,CA,91423,1
3/23/2020 23:50,3/23/2020 23:52,45.4.199.225,152,3/23/2020 23:52,R_33m8mXxSXdUq6wY,40.75030518,-74.00140381,A33SX83C4TH8IR,Chrome,80.0.3987.149,Windows NT 10.0,1366x768,2.423,18.067,6,6,3,3,5,4,1,1,77.522,75,6.519,New York,NY,10001,1
3/23/2020 23:54,3/23/2020 23:56,207.188.176.116,143,3/23/2020 23:56,R_1je1yXLqgarIW5O,47.60920715,-122.3314056,A6LFEIKC4QOQD,Chrome,80.0.3987.149,Windows NT 10.0,1366x768,3.725,58.413,6,7,2,3,1,1,4,3,27.233,100,10.545,Seattle,WA,98111,1
3/24/2020 0:00,3/24/2020 0:01,174.128.242.250,96,3/24/2020 0:01,R_1GBQyosmGvxvIZ1,39.75010681,-104.995697,A2W02BZI9OCDNX,Chrome,80.0.3987.149,Windows NT 10.0,1440x960,3.74,22.12,5,5,5,4,1,2,4,4,10.158,10,6.901,Denver,CO,80202,0
3/24/2020 0:00,3/24/2020 0:03,108.185.146.83,207,3/24/2020 0:03,R_5b4Lr7R1D0aZDVf,34.04699707,-118.2750015,A1H7XQCN2TQJM7,Firefox,74,Windows NT 10.0,1280x960,17.951,48.015,5,4,4,1,1,5,5,,91.709,0,15.517,Los Angeles,CA,90015,0
3/24/2020 0:03,3/24/2020 0:08,50.30.224.22,257,3/24/2020 0:08,R_UKEBdf9H3VRek4F,33.43060303,-111.9255981,A2KG64TREAJML3,Chrome,80.0.3987.149,Windows NT 10.0,1536x864,11.264,138.799,5,6,2,1,4,1,4,1,74.544,60,8.764,Tempe,AZ,85281,1
3/24/2020 0:14,3/24/2020 0:17,171.49.194.157,215,3/24/2020 0:17,R_2vku193bnxElelH,13.08599854,80.27508545,A24EDU7NNVN420,Chrome,80.0.3987.149,Windows NT 6.1,1024x768,2.641,23.84,5,5,2,3,5,3,5,,94.521,99,52.949,Chennai,25,600008,0
3/24/2020 0:13,3/24/2020 0:19,73.241.178.202,350,3/24/2020 0:19,R_1FfBANAxGhMxOB4,37.33129883,-121.8401031,A3KQKGGFTTSQHO,Chrome,77.0.3865.90,Windows NT 6.1,1366x768,11.73,107.352,5,7,5,3,1,2,5,,128.616,20,35.241,San Jose,CA,95127,0
3/24/2020 0:14,3/24/2020 0:21,76.168.142.85,391,3/24/2020 0:21,R_3jSBCItCrHcUXPC,34.10569763,-118.328598,A2Z5AYMG1SI9MR,Chrome,80.0.3987.149,Macintosh,1440x900,8.24,194.081,6,6,5,1,2,1,1,1,119.386,50,41.094,Los Angeles,CA,90028,1
3/24/2020 0:24,3/24/2020 0:27,71.84.49.107,205,3/24/2020 0:27,R_r8W1aRme1v6yLRL,34.16239929,-118.1275024,A2A8AJEDDF8XJ0,Chrome,80.0.3987.149,Macintosh,1280x800,21.74,72.484,6,7,5,1,2,4,4,1,77.672,0,15.19,Pasadena,CA,91105,0
3/24/2020 0:23,3/24/2020 0:28,76.90.93.244,249,3/24/2020 0:28,R_cv8GId8tCkaZkAN,34.39750671,-118.5568008,AC13IVKCEA4ET,Chrome,80.0.3987.149,Macintosh,1680x1050,6.012,83.757,6,6,3,1,1,3,4,1,110.859,0,24.462,Newhall,CA,91321,1
3/24/2020 0:18,3/24/2020 0:30,137.25.61.109,704,3/24/2020 0:30,R_3MzbRsuJoyqQ4Ny,34.16400146,-118.2387009,A1NRVHUOTX0CNE,Chrome,80.0.3987.149,Windows NT 10.0,1920x1080,26.517,424.967,4,6,4,3,2,2,5,1,184.653,50,38.205,Glendale,CA,91207,1
3/24/2020 0:21,3/24/2020 0:36,174.81.53.218,958,3/24/2020 0:36,R_1kZI0GJPMDqr6Gw,33.92430115,-117.6105042,A6G7GPZ3ZR3JL,Chrome iPhone,80.0.3987.95,iPhone,375x667,27.2,623.576,7,7,3,1,4,1,4,1,140.901,1,13.936,Corona,CA,92880,0
3/24/2020 0:33,3/24/2020 0:43,172.89.136.73,553,3/24/2020 0:43,R_9oTzwpln5zwU5nH,33.90730286,-118.0086975,A1P63JTY9RGF5E,Chrome,80.0.3987.149,Macintosh,1440x900,28.944,275.074,5,7,5,3,4,1,4,1,110.953,0,15.051,La Mirada,CA,90638,1
3/24/2020 0:51,3/24/2020 0:53,162.231.52.170,98,3/24/2020 0:53,R_3PzrEflol8GeBlc,33.70739746,-117.7053986,AKC7CAVN6QS52,Chrome,80.0.3987.149,Windows NT 10.0,1536x864,11.424,29.465,6,6,3,1,3,3,1,4,20.971,0,5.983,Irvine,CA,92618,0
3/24/2020 0:46,3/24/2020 0:55,47.147.132.142,545,3/24/2020 0:55,R_1OpLu2xBBGNE6Ud,33.79029846,-118.1214981,A15U9127IF0TS4,Safari iPhone,13.0.4,iPhone,375x667,29.155,316.989,6,7,3,5,3,4,3,1,148.187,50,29.641,Long Beach,CA,90815,1
3/24/2020 0:46,3/24/2020 1:01,172.14.118.218,929,3/24/2020 1:01,R_30lbxx5GGTpnK9b,34.13699341,-118.2375946,A1BM57TUNAQIXM,Chrome,80.0.3987.149,Windows NT 10.0,1280x720,304.807,441.763,6,7,3,1,3,3,4,1,122.106,0,2.733,Glendale,CA,91205,1
3/24/2020 0:54,3/24/2020 1:03,66.214.235.25,550,3/24/2020 1:03,R_1rk7tKLDkSVRu7H,34.07060242,-117.9393005,A145AXBDTCIW6Z,Firefox,74,Macintosh,1440x900,4.597,289.598,6,7,3,3,3,1,4,1,231.505,0,6.37,West Covina,CA,91790,1
3/24/2020 0:53,3/24/2020 1:05,73.93.37.206,723,3/24/2020 1:05,R_3M0eudf5kgvjXR0,37.72200012,-122.164299,A7T1PFPX467CZ,Chrome,75.0.3770.143,Android 10,360x760,27.508,414.368,4,5,5,1,3,2,4,1,210.633,5,20.723,San Leandro,CA,94577,0
3/24/2020 0:56,3/24/2020 1:08,67.188.136.215,671,3/24/2020 1:08,R_2AX67SffWsOie73,37.2808075,-121.9571991,ARBS1SX63RCA,Chrome,79.0.3945.88,Windows NT 10.0,1366x768,11.438,79.705,7,7,3,3,2,3,4,2,273.919,85,25.947,Campbell,CA,95008,1
3/24/2020 1:03,3/24/2020 1:09,76.171.96.19,352,3/24/2020 1:09,R_1Fb49dr6IO5h7Z7,33.82420349,-118.2680054,AWGOCCOVKFBKV,Chrome,80.0.3987.149,Windows NT 10.0,1366x768,22.018,207.197,6,7,1,1,2,1,5,1,67.545,30,18.242,Carson,CA,90745,1
3/24/2020 1:10,3/24/2020 1:13,72.203.69.70,201,3/24/2020 1:13,R_yPDfGnXRiHbtd7z,33.75149536,-118.3670044,A24PUIX5TLC1G5,Chrome,46.0.2490.76,Android 6.0,1280x800,46.361,46.363,4,4,4,1,3,5,5,,47.293,0,13.997,Palos Verdes Peninsula,CA,90274,0
3/24/2020 1:13,3/24/2020 1:17,76.89.110.25,247,3/24/2020 1:17,R_3G1jOzEY9bGXLms,33.95309448,-116.5218964,A2XUW21MM3NSSP,Chrome,80.0.3987.149,Windows NT 6.3,1366x768,20.654,54.433,5,1,1,3,2,1,4,4,98.849,50,6.003,Desert Hot Springs,CA,92240,0
3/24/2020 1:09,3/24/2020 1:19,47.28.81.114,643,3/24/2020 1:19,R_0umzF9WuyfQpl4d,34.1394043,-118.2659988,A8K1IXOET6VFL,Chrome,80.0.3987.132,Macintosh,1440x900,20.353,450.581,6,7,3,1,3,3,3,1,126.277,0,21.785,Glendale,CA,91204,1
3/24/2020 1:02,3/24/2020 1:28,162.243.246.160,1586,3/24/2020 1:28,R_3lzE0lztNZniFNN,40.73080444,-73.99749756,A1XAN6ECP93SRS,Chrome,80.0.3987.149,Windows NT 6.1,1600x900,51.741,343.677,6,6,3,3,3,4,1,1,1091.081,50,34.733,New York,NY,10011,1
3/24/2020 1:18,3/24/2020 1:29,99.203.75.250,673,3/24/2020 1:29,R_XvOEpzgcO2G0HRf,34.17779541,-118.3092957,A2WI1M0NXN0TCG,Chrome,75.0.3770.143,Android 10,412x846,40.44,393.641,6,7,2,1,3,3,2,1,156.401,25,26.442,Burbank,CA,91503,0
3/24/2020 1:20,3/24/2020 1:31,66.85.185.70,691,3/24/2020 1:31,R_s5chnPWiHj8m7cZ,33.45320129,-112.0748978,A3VRDQJNM1IC0E,Chrome,81.0.4044.69,Macintosh,1280x800,28.877,25.51,4,6,3,3,2,5,2,1,383.064,30,7.281,North Bergen,NJ,7047,1
3/24/2020 1:35,3/24/2020 1:43,172.90.215.152,490,3/24/2020 1:43,R_0VxETP2sFMEHbMZ,33.92140198,-118.4129944,A1W9G8QEYMQ19K,Safari iPhone,13.0.5,iPhone,414x736,13.448,308.938,7,7,3,3,2,2,4,1,123.291,40,9.201,Hawthorne,CA,90250,1
3/24/2020 1:33,3/24/2020 1:49,172.119.145.73,991,3/24/2020 1:49,R_1QgREvUOX2bYMUI,34.30769348,-118.4286957,A17KN7NAP48L4B,Chrome,80.0.3987.149,Windows NT 6.3,1600x900,104.868,743.893,6,7,2,1,5,1,4,1,109.694,20,10.158,Sylmar,CA,91342,0
3/24/2020 1:41,3/24/2020 1:50,73.116.83.68,550,3/24/2020 1:50,R_2sbh7a3u8oYzKS5,38.664505,-121.4869995, CopiedA2R33BAO0Z3L2P,Firefox,74,Windows NT 10.0,1536x864,80.628,164.142,6,7,1,5,1,1,1,4,138.079,0,85.081,Sacramento,CA,95835,0
3/24/2020 1:39,3/24/2020 1:51,68.231.208.186,725,3/24/2020 1:51,R_3lt5bGHArPuntvZ,33.61239624,-117.6400986,A302KOFOYLD89A,Chrome,80.0.3987.149,Macintosh,1280x800,28.777,385.354,7,6,3,1,3,1,4,1,222.337,25,45.623,Mission Viejo,CA,92692,1
3/24/2020 1:37,3/24/2020 1:52,108.73.100.50,884,3/24/2020 1:52,R_21ApumCwkKm3iCq,34.07670593,-118.1801987,A3F4BE229KYG3S,Chrome,80.0.3987.149,Windows NT 10.0,1366x768,12.735,236.51,7,7,3,1,2,4,5,3,589.508,0,12.528,Los Angeles,CA,90031,0
3/24/2020 1:50,3/24/2020 1:59,172.91.194.160,543,3/24/2020 1:59,R_1IN8L3dxgjpiE03,34.39750671,-118.5568008,AYDILOZLKOAS8,Chrome,80.0.3987.132,Windows NT 6.3,1920x1080,19.865,370.662,6,6,3,3,3,1,4,1,103.367,15,24.326,Valencia,CA,91355,1
3/24/2020 1:55,3/24/2020 1:59,172.58.21.223,254,3/24/2020 1:59,R_3JgudVeuSZmURYh,33.95550537,-118.2863007,A2DXF3Y88VG4KN,Chrome,72.0.3626.121,Android 8.0.0,360x640,9.753,102.999,7,7,3,1,5,5,2,1,94.161,0,11.85,Los Angeles,CA,90003,1
3/24/2020 2:00,3/24/2020 2:05,172.58.21.223,268,3/24/2020 2:05,R_2eUVjcFEzTx36Xu,33.95759583,-118.2669983,A2DZKARWHTWC99,Chrome,72.0.3626.121,Android 8.0.0,360x640,2.193,142.887,7,7,4,1,3,5,2,1,83.619,0,5.233,Los Angeles,CA,90003,1
3/24/2020 2:10,3/24/2020 2:16,198.148.88.250,409,3/24/2020 2:16,R_1gjvPgPb8dH84Br,39.75010681,-104.995697,A1GHQUEOH16HQ9,Chrome,80.0.3987.132,Windows NT 6.1,1366x768,1.927,17.831,7,7,4,3,3,5,4,3,350.439,20,11.272,Denver,CO,80202,0
3/24/2020 2:21,3/24/2020 2:29,72.197.28.142,508,3/24/2020 2:29,R_3MG5sMRWlIGyh9a,32.63870239,-117.080101,A1HMQMO4IZNFG9,Chrome,80.0.3987.149,Macintosh,1280x800,18.411,278.041,5,6,3,1,3,3,4,1,142.21,10,24.25,Chula Vista,CA,91910,0
3/24/2020 2:39,3/24/2020 2:40,73.241.179.180,97,3/24/2020 2:40,R_20OFzkXoRF1jtBA,37.40249634,-121.8659973,A2RHRRDB25H38H,Chrome,81.0.4044.69,Windows NT 10.0,1364x768,5.209,20.585,6,6,2,2,1,3,4,1,26.172,10,7.729,San Jose,CA,95132,1
3/24/2020 2:39,3/24/2020 2:42,45.4.197.130,201,3/24/2020 2:42,R_3O2kwAvEGPJPhd1,40.75030518,-74.00140381,A2OY1PB1HWD1Y1,Chrome,80.0.3987.149,Windows NT 6.1,1366x768,2.246,16.968,6,7,2,2,1,2,1,4,31.997,100,9.904,New York,NY,10001,1
3/24/2020 2:56,3/24/2020 2:58,76.94.100.200,106,3/24/2020 2:58,R_10qtlwDqx1DrUyx,34.09640503,-117.8582001,A1DOLX9J86ZEY5,Chrome,80.0.3987.149,Windows NT 10.0,1920x1080,8.03,32.712,3,5,2,1,5,1,4,1,49.929,0,7.492,Covina,CA,91724,0
3/24/2020 2:50,3/24/2020 3:03,47.155.143.129,808,3/24/2020 3:03,R_3JsW3eRZDY5AkRp,34.68469238,-118.5442047,A2IFXO71MXB9GK,Edge,18.18363,Windows NT 10.0,1093x614,41.672,356.107,3,4,2,4,2,4,2,1,328.206,0,21.082,Wrightwood,CA,92397,0
3/24/2020 2:54,3/24/2020 3:07,24.24.157.57,778,3/24/2020 3:07,R_9zYuPNqRtN4FzKF,34.18670654,-118.3878021,A2TENCUD2NR0YR,Chrome,80.0.3987.149,Android 9,412x892,29.101,531.671,6,7,3,3,3,1,4,1,153.397,15,37.424,North Hollywood,CA,91606,1
3/24/2020 3:01,3/24/2020 3:15,23.241.121.98,843,3/24/2020 3:15,R_2diM6yWXJybWx14,33.99549866,-118.4644012,AT5Z0XUHTT1V4,Safari iPhone,13.0.5,iPhone,414x896,39.523,449.567,7,7,3,4,2,3,4,1,160.695,50,17.388,Venice,CA,90291,1
3/24/2020 3:12,3/24/2020 3:18,70.95.184.13,361,3/24/2020 3:18,R_1ONW6qJmjO4a1cd,32.96609497,-117.1202011,A1I4GSXUC5KKKJ,Chrome,80.0.3987.132,Macintosh,1280x800,4.568,176.871,5,6,3,1,5,1,4,3,149.373,0,8.109,San Diego,CA,92129,0
3/24/2020 3:14,3/24/2020 3:24,23.240.253.67,610,3/24/2020 3:24,R_31adN97r4WU1sKk,34.13250732,-118.2075958,AWJ5RYXJCSGV0,Firefox,74,Windows NT 10.0,1366x768,23.971,442.342,7,7,5,2,5,5,3,1,99.203,10,15.259,Los Angeles,CA,90041,1
3/24/2020 3:22,3/24/2020 3:32,99.99.63.53,607,3/24/2020 3:32,R_2uZB0lt4pAWs6v4,34.21659851,-118.6027985,ACGGIBC0P38HU,Firefox,74,Windows NT 6.3,1680x1050,35.575,321.89,7,7,3,1,3,4,4,1,154.469,15,43.774,Canoga Park,CA,91304,1
3/24/2020 4:00,3/24/2020 4:03,45.4.196.34,170,3/24/2020 4:03,R_2Y9fOMfvJBjYTfM,40.75030518,-74.00140381,A22W4Y4UI182L2,Chrome,80.0.3987.149,Windows NT 6.1,1366x768,9.063,30.573,6,7,5,3,2,1,1,,72.782,80,6.229,New York,NY,10001,0
3/24/2020 4:00,3/24/2020 4:04,45.4.196.215,200,3/24/2020 4:04,R_1IsLStCVgf0PtUH,40.75030518,-74.00140381,A3VRL8D60CTRHA,Chrome,80.0.3987.149,Windows NT 6.3,1366x768,4.187,115.609,6,7,1,1,2,1,3,1,25.116,80,4.742,New York,NY,10001,1
3/24/2020 4:03,3/24/2020 4:09,97.94.182.160,368,3/24/2020 4:09,R_1mkC4EwZ35jVRDz,33.78349304,-118.1315994,A12HWPFXQPITHD,Chrome,80.0.3987.149,Windows NT 10.0,1360x768,4.1,93.897,6,5,3,1,3,4,1,1,240.908,0,11.9,Long Beach,CA,90804,0
3/24/2020 4:03,3/24/2020 4:12,172.127.0.146,537,3/24/2020 4:12,R_1dtNHe9KiUPVTGl,34.02510071,-118.1556015,A29TOP0TP81GR3,Chrome,80.0.3987.149,Macintosh,1920x1080,13.023,261.747,6,6,3,3,1,1,4,2,166.229,0,34.666,Los Angeles,CA,90022,1
3/24/2020 4:09,3/24/2020 4:15,107.184.77.132,396,3/24/2020 4:15,R_AyymFochUq6bH21,34.10820007,-118.1568985,A16DZ8DQ637S4Z,Chrome,80.0.3987.132,Windows NT 10.0,1366x768,16.467,261.482,7,7,1,1,2,3,4,1,82.765,10,12.716,South Pasadena,CA,91030,1
3/24/2020 4:11,3/24/2020 4:27,45.182.176.157,951,3/24/2020 4:27,R_z0wHr1Nmwimz2i5,-23.63000488,-46.63220215,A1KV35FNNLEIIQ,Firefox,74,Windows NT 10.0,1366x768,7.281,607.863,6,7,3,3,4,1,4,1,135.052,100,17.752,Sao Paulo,27,1000,0
3/24/2020 4:20,3/24/2020 4:30,76.91.195.62,637,3/24/2020 4:30,R_2e8YgK3pT9yKbSU,33.95599365,-118.3887024,A3I0K4SJF8BC98,Chrome,80.0.3987.132,Windows NT 10.0,1536x864,4.995,175.889,5,6,1,2,3,3,4,4,372.951,30,25.224,Los Angeles,CA,90045,0
3/24/2020 4:43,3/24/2020 4:46,172.58.19.98,212,3/24/2020 4:46,R_3ilFT0zQJrSGqQS,33.80549622,-117.9223022,ANUMWP3PGWQBJ,Chrome,80.0.3987.149,Android 8.1.0,320x640,5.053,16.041,2,1,5,2,2,2,3,2,58.757,0,7.349,Santa Ana,CA,92704,0
3/24/2020 4:52,3/24/2020 4:59,97.93.32.220,442,3/24/2020 4:59,R_3prPhXVtINIgCy5,34.06900024,-118.1461029,A384DW1A7HI9Z7,Chrome,80.0.3987.149,Windows NT 10.0,1536x864,10.945,150.688,6,7,3,3,3,1,4,1,248.439,0,8.083,Alhambra,CA,91801,0
3/24/2020 4:47,3/24/2020 5:01,99.190.112.31,813,3/24/2020 5:01,R_3m8iPM6AVtLxjXx,34.25480652,-118.5879974,A2TWNZAXELMZXX,Chrome,80.0.3987.149,Windows NT 10.0,1366x768,43.286,398.308,6,7,3,3,3,1,2,1,312.8,10,13.812,Chatsworth,CA,91311,1
3/24/2020 4:56,3/24/2020 5:04,142.129.124.193,461,3/24/2020 5:04,R_0ThrbsSnaCEpchH,34.09109497,-118.4116974,A1I6LWJWGKXOUU,Chrome,80.0.3987.149,Windows NT 10.0,1366x768,26.561,262.599,6,7,3,5,5,5,4,1,123.691,50,15.782,Los Angeles,CA,90046,0
3/24/2020 5:00,3/24/2020 5:05,45.4.196.33,273,3/24/2020 5:05,R_2qr4p7xcrDsLAJ4,40.75030518,-74.00140381,A3ONCP5E6BD2SO,Chrome,80.0.3987.149,Windows NT 6.1,1366x768,14.234,44.36,6,7,4,3,4,4,1,2,118.89,80,22.016,New York,NY,10001,1
3/24/2020 5:00,3/24/2020 5:07,137.25.24.136,431,3/24/2020 5:07,R_3O2k1FVFCE9UwPh,34.11239624,-118.0924988,A1CNMO5B1IGO02,Chrome,80.0.3987.149,Windows NT 10.0,1280x720,33.449,179.614,6,6,3,1,3,3,4,1,131.537,10,36.774,San Gabriel,CA,91775,0
3/24/2020 5:13,3/24/2020 5:19,104.236.195.72,393,3/24/2020 5:19,R_20TlmCSPJJp7bge,40.83639526,-74.14029694,A28WSBB0DSV47X,Chrome,80.0.3987.149,Windows NT 6.3,1366x768,14.093,17.935,6,6,4,2,1,4,3,3,383.941,20,20.283,Clifton,NJ,7014,0
3/24/2020 5:18,3/24/2020 5:26,104.33.108.15,441,3/24/2020 5:26,R_2xLyqzlnjXPTtzX,34.22779846,-118.4420013,ALU0OU4VQMLVF,Chrome,75.0.3770.143,Android 10,412x869,30.098,278.698,6,7,2,1,2,3,1,1,95.052,0,20.119,Panorama City,CA,91402,0
3/24/2020 5:36,3/24/2020 5:45,45.41.134.121,504,3/24/2020 5:45,R_2YmqlKDN8KkrLEL,40.73590088,-73.99040222,A3LKIY5BCZ2RS8 ,Firefox,68,Android 7.1.1,1024x768,13.307,304.778,6,7,3,3,5,2,4,1,117.845,10,16.719,,,,1
3/24/2020 5:55,3/24/2020 6:04,69.61.31.215,540,3/24/2020 6:04,R_2To4MwLiXnfLlYR,33.7552948,-84.38860321,A37BGU8FSIP4I6,Chrome,80.0.3987.149,Windows NT 10.0,1364x768,13.64,43.488,5,5,4,1,1,2,2,3,422.877,25,16.191,Hiram,GA,30141,0
3/24/2020 6:05,3/24/2020 6:10,104.236.195.72,269,3/24/2020 6:10,R_1OSLa95WkdKrgeq,40.83639526,-74.14029694,AI0JI12S47MU8,Chrome,80.0.3987.149,Windows NT 6.3,1366x768,4.956,16.821,6,6,4,2,1,4,1,3,55.901,30,9.057,Clifton,NJ,7014,1
3/24/2020 6:23,3/24/2020 6:27,104.178.95.53,216,3/24/2020 6:27,R_3nJnzbCItTzp3d3,36.79859924,-119.7617035,A131VVJSLTMBL8,Chrome,80.0.3987.149,Windows NT 10.0,1366x768,8.728,17.129,5,6,1,2,1,4,4,,80.485,75,17.912,Fresno,CA,93726,1
3/24/2020 6:28,3/24/2020 6:32,198.228.81.114,212,3/24/2020 6:32,R_1g7uw1W54NC9Rwz,37.75100708,-97.8219986,A2AXQYHLLQHF0K,Chrome,80.0.3987.149,Windows NT 6.1,1366x768,19.16,28.108,6,6,3,1,1,1,1,4,69.647,100,45.488,,,,0
3/24/2020 6:34,3/24/2020 6:38,24.168.49.123,235,3/24/2020 6:38,R_117bCLhgh1MMJrv,41.92720032,-73.88880157,A6T1F7YSN8RWJ,Chrome,80.0.3987.149,Macintosh,1366x768,2.063,134.557,7,7,4,1,3,2,4,1,75.68,0,7.026,Rhinebeck,NY,12572,1
3/24/2020 6:33,3/24/2020 6:45,136.24.162.196,698,3/24/2020 6:45,R_28Y6wOs1nQypgbR,37.76950073,-122.3849945,A1Z9OQ4ULMNKL7,Chrome,80.0.3987.149,Android 10,412x823,20.648,472.46,5,7,3,1,1,1,4,1,148.423,0,21.362,San Francisco,CA,94158,1
3/24/2020 6:34,3/24/2020 6:45,172.118.147.210,663,3/24/2020 6:45,R_1CybeFMYXPsaJuR,34.04469299,-118.2946014,A2UGIX703MMNQ6,Chrome,80.0.3987.149,Windows NT 10.0,1920x1080,17.315,131.387,5,6,3,3,5,1,4,3,444.574,15,11.094,Los Angeles,CA,90006,0
3/24/2020 6:48,3/24/2020 6:53,5.62.57.34,255,3/24/2020 6:53,R_2aIV06do8wlBzmD,47.60920715,-122.3314056,A28XX3BHM01TZV,Chrome,80.0.3987.149,Windows NT 6.1,1366x768,2.785,16.449,6,6,3,3,3,4,3,1,143.729,80,31.957,Seattle,WA,98111,1
3/24/2020 7:07,3/24/2020 7:17,65.60.89.50,596,3/24/2020 7:17,R_uz9T8WE0U2fcmAh,33.7696991,-117.8905945,A3CMWYLWMENHLZ,Chrome,80.0.3987.149,Windows NT 6.1,1920x1080,18.584,391.195,7,5,3,1,3,2,4,1,134.436,0,12.444,Corona,CA,92879,0
3/24/2020 7:29,3/24/2020 7:39,67.49.3.100,641,3/24/2020 7:40,R_3iFmJfhM37VBwG9,33.72090149,-116.2172012,A34051YREUMGHU,Chrome iPad,80.0.3987.95,iPad,768x1024,10.716,420.562,7,7,3,1,1,1,4,1,136.182,5,34.092,Indio,CA,92201,1
